{"cameraMode":{"drawMode":0,"name":"Shaded","section":"Shading Mode"},"sceneLighting":true,"audioPlay":false,"sceneViewState":{"m_AlwaysRefresh":false,"showFog":true,"showSkybox":true,"showFlares":true,"showImageEffects":true,"showParticleSystems":true,"showVisualEffectGraphs":true,"m_FxEnabled":true},"in2DMode":false,"pivot":{"x":-1.1429754495620728,"y":-0.8321776390075684,"z":-5.990278244018555},"rotation":{"x":-0.001831526285968721,"y":-0.9671825170516968,"z":0.25398996472358706,"w":-0.006970496382564306},"size":8.118967056274414,"orthographic":false}